first_name,last_name,email,gender,hire_date,employee_id,position,department,reports_to
Samantha,Ray,samantha.ray@fake.company,Female,2021-09-03,20,CEO,Board of Directors,
Beth,Morrison,beth.morrison@fake.company,Female,2020-10-31,58,CTO,Board of Directors,
Eric,Johnson,eric.johnson@fake.company,Female,2021-06-15,80,CFO,Board of Directors,
Nicholas,Khan,nicholas.khan@fake.company,Male,2020-11-21,109,CIO,Board of Directors,
Denise,Pitts,denise.pitts@fake.company,Male,2024-06-17,168,COO,Board of Directors,
Anthony,Miller,anthony.miller@fake.company,Female,2022-12-10,192,Sales Team Lead,Sales,20
Adam,Irwin,adam.irwin@fake.company,Female,2023-06-10,276,Head of Sales,Sales,58
Brian,Oneal,brian.oneal@fake.company,Male,2023-03-12,285,Marketing Team Lead,Marketing,168
Brandon,Garcia,brandon.garcia@fake.company,Female,2023-07-02,340,Head of Marketing,Marketing,58
Emily,Reid,emily.reid@fake.company,Male,2021-01-17,425,Finance Team Lead,Finance,168
Steven,Diaz,steven.diaz@fake.company,Male,2022-08-18,426,Head of Finance,Finance,20
Jamie,Glenn,jamie.glenn@fake.company,Female,2021-10-30,436,IT Team Lead,IT,109
Jose,Bennett,jose.bennett@fake.company,Female,2023-04-13,452,Head of IT,IT,80
Cheryl,Sutton,cheryl.sutton@fake.company,Female,2020-12-03,455,HR Team Lead,HR,109
Austin,Bradford,austin.bradford@fake.company,Male,2023-05-12,461,Head of HR,HR,168
Steven,White,steven.white@fake.company,Male,2024-04-16,1,HR Assistant,HR,455
Michael,King,michael.king@fake.company,Female,2021-06-20,2,Financial Analyst,Finance,425
Anthony,Beasley,anthony.beasley@fake.company,Male,2023-06-29,3,Recruiter,HR,461
Brian,Blevins,brian.blevins@fake.company,Male,2023-01-16,4,Compensation Analyst,HR,455
Daniel,Downs,daniel.downs@fake.company,Female,2020-04-03,5,Finance Assistant,Finance,426
Dawn,Warren,dawn.warren@fake.company,Male,2021-10-15,6,IT Support Specialist,IT,436
Corey,Strong,corey.strong@fake.company,Male,2021-03-02,7,DevOps Engineer,IT,436
Tracy,Bell,tracy.bell@fake.company,Female,2023-04-15,8,Accountant,Finance,426
Amanda,Singleton,amanda.singleton@fake.company,Male,2021-09-09,9,Social Media Manager,Marketing,340
Melanie,Johnston,melanie.johnston@fake.company,Female,2024-10-11,10,Finance Assistant,Finance,425
Annette,Sanchez,annette.sanchez@fake.company,Female,2023-02-20,11,Business Development Manager,Sales,192
John,Liu,john.liu@fake.company,Male,2022-10-28,12,Training Coordinator,HR,455
Lori,Johnson,lori.johnson@fake.company,Male,2022-10-19,13,Social Media Manager,Marketing,285
Jonathan,Jensen,jonathan.jensen@fake.company,Female,2023-06-17,14,Controller,Finance,426
Bradley,Savage,bradley.savage@fake.company,Female,2021-01-11,15,Marketing Coordinator,Marketing,285
Brian,Dyer,brian.dyer@fake.company,Male,2020-05-11,16,Sales Associate,Sales,276
Katherine,Oneill,katherine.oneill@fake.company,Female,2021-12-31,17,Network Engineer,IT,452
Heather,Gray,heather.gray@fake.company,Female,2024-06-19,18,Compensation Analyst,HR,461
Mary,Smith,mary.smith@fake.company,Female,2022-10-19,19,Controller,Finance,425
Ashley,Hays,ashley.hays@fake.company,Female,2021-11-30,21,Brand Manager,Marketing,285
Joseph,Stone,joseph.stone@fake.company,Female,2020-09-15,22,Marketing Coordinator,Marketing,285
Pamela,Scott,pamela.scott@fake.company,Male,2022-02-27,23,Sales Representative,Sales,276
Taylor,Mcmahon,taylor.mcmahon@fake.company,Male,2021-09-17,24,Recruiter,HR,455
Brandon,Wong,brandon.wong@fake.company,Male,2022-07-12,25,System Administrator,IT,452
Justin,Hernandez,justin.hernandez@fake.company,Female,2021-03-21,26,Social Media Manager,Marketing,285
Steven,Mitchell,steven.mitchell@fake.company,Male,2022-12-22,27,Sales Executive,Sales,192
Gregory,Jackson,gregory.jackson@fake.company,Female,2023-11-28,28,Sales Executive,Sales,276
Emily,Brady,emily.brady@fake.company,Male,2020-08-18,29,HR Assistant,HR,461
David,Dennis,david.dennis@fake.company,Male,2020-04-28,30,Compensation Analyst,HR,455
Rebecca,Bridges,rebecca.bridges@fake.company,Female,2020-08-05,31,Sales Executive,Sales,192
Jonathan,Jones,jonathan.jones@fake.company,Female,2021-09-09,32,System Administrator,IT,436
Gregory,Estrada,gregory.estrada@fake.company,Female,2022-01-11,33,Content Strategist,Marketing,340
Matthew,Rivers,matthew.rivers@fake.company,Male,2024-02-18,34,Sales Representative,Sales,192
Christopher,Villarreal,christopher.villarreal@fake.company,Male,2022-03-07,35,Recruiter,HR,455
David,Martin,david.martin@fake.company,Female,2023-06-23,36,Sales Associate,Sales,192
Mark,Jennings,mark.jennings@fake.company,Female,2021-10-22,37,Recruiter,HR,461
Pamela,Woodard,pamela.woodard@fake.company,Male,2023-10-16,38,Controller,Finance,425
Alicia,Haynes,alicia.haynes@fake.company,Female,2024-03-17,39,Training Coordinator,HR,455
Frederick,Monroe,frederick.monroe@fake.company,Male,2021-05-29,40,Social Media Manager,Marketing,340
Patricia,Price,patricia.price@fake.company,Female,2021-09-24,41,Software Engineer,IT,452
Larry,Gomez,larry.gomez@fake.company,Female,2021-07-05,42,Content Strategist,Marketing,285
Stephen,Smith,stephen.smith@fake.company,Male,2021-09-07,43,Marketing Coordinator,Marketing,285
Taylor,Baker,taylor.baker@fake.company,Female,2024-06-20,44,SEO Specialist,Marketing,285
Danielle,Cisneros,danielle.cisneros@fake.company,Female,2021-09-03,45,HR Assistant,HR,461
Amanda,Hall,amanda.hall@fake.company,Male,2023-04-01,46,Account Manager,Sales,192
Marissa,Nelson,marissa.nelson@fake.company,Female,2022-09-19,47,Social Media Manager,Marketing,340
Elizabeth,Garcia,elizabeth.garcia@fake.company,Male,2023-05-11,48,Accountant,Finance,425
Kimberly,Garrett,kimberly.garrett@fake.company,Male,2022-03-12,49,Business Development Manager,Sales,192
Corey,Edwards,corey.edwards@fake.company,Female,2020-08-01,50,Business Development Manager,Sales,192
Patricia,Cline,patricia.cline@fake.company,Female,2024-06-30,51,Training Coordinator,HR,461
Meghan,Stone,meghan.stone@fake.company,Female,2023-05-06,52,Sales Representative,Sales,276
Mary,Olson,mary.olson@fake.company,Female,2023-05-14,53,Compensation Analyst,HR,455
Gregory,Castro,gregory.castro@fake.company,Female,2021-07-09,54,DevOps Engineer,IT,436
Megan,Benson,megan.benson@fake.company,Male,2022-02-23,55,Treasury Manager,Finance,426
Leonard,Baker,leonard.baker@fake.company,Male,2024-05-13,56,Content Strategist,Marketing,340
Deanna,Jones,deanna.jones@fake.company,Female,2021-07-08,57,DevOps Engineer,IT,436
Ruth,Flores,ruth.flores@fake.company,Male,2022-08-04,59,HR Specialist,HR,461
Lori,Chavez,lori.chavez@fake.company,Female,2023-03-24,60,IT Support Specialist,IT,436
Margaret,Dennis,margaret.dennis@fake.company,Female,2024-09-09,61,SEO Specialist,Marketing,340
Linda,Kim,linda.kim@fake.company,Male,2020-05-16,62,Account Manager,Sales,276
Scott,Lambert,scott.lambert@fake.company,Female,2020-01-24,63,HR Assistant,HR,455
Marcus,Soto,marcus.soto@fake.company,Male,2023-06-08,64,Network Engineer,IT,436
Gerald,Chang,gerald.chang@fake.company,Male,2020-09-01,65,Sales Associate,Sales,276
Elaine,Moore,elaine.moore@fake.company,Female,2024-01-27,66,Social Media Manager,Marketing,285
John,Martinez,john.martinez@fake.company,Female,2024-07-03,67,Accountant,Finance,426
Kyle,Campos,kyle.campos@fake.company,Male,2023-04-03,68,Sales Associate,Sales,276
Tracy,Brown,tracy.brown@fake.company,Male,2021-02-27,69,Brand Manager,Marketing,340
Carol,Miles,carol.miles@fake.company,Female,2020-11-03,70,Finance Assistant,Finance,425
Laura,Raymond,laura.raymond@fake.company,Male,2023-08-29,71,Finance Assistant,Finance,425
Jeremy,Lewis,jeremy.lewis@fake.company,Male,2023-12-21,72,HR Specialist,HR,455
Taylor,Guzman,taylor.guzman@fake.company,Male,2021-02-12,73,Sales Executive,Sales,276
Connie,May,connie.may@fake.company,Female,2023-08-20,74,Controller,Finance,426
Eric,James,eric.james@fake.company,Male,2020-03-03,75,IT Support Specialist,IT,436
Michael,Vazquez,michael.vazquez@fake.company,Male,2024-01-15,76,Treasury Manager,Finance,425
Robert,Townsend,robert.townsend@fake.company,Male,2021-04-17,77,DevOps Engineer,IT,452
Eric,Montgomery,eric.montgomery@fake.company,Male,2021-11-07,78,SEO Specialist,Marketing,285
Dennis,Mcguire,dennis.mcguire@fake.company,Female,2023-11-18,79,Social Media Manager,Marketing,340
Kara,Nicholson,kara.nicholson@fake.company,Male,2023-02-28,81,Social Media Manager,Marketing,285
Kathleen,Mccarty,kathleen.mccarty@fake.company,Female,2023-06-26,82,HR Assistant,HR,461
Kenneth,Lowe,kenneth.lowe@fake.company,Female,2024-03-07,83,DevOps Engineer,IT,436
Jorge,Wilkerson,jorge.wilkerson@fake.company,Female,2024-10-15,84,Sales Executive,Sales,192
Brenda,Gibbs,brenda.gibbs@fake.company,Female,2021-06-15,85,Marketing Coordinator,Marketing,285
Oscar,Reid,oscar.reid@fake.company,Male,2020-01-04,86,Sales Representative,Sales,192
Brian,Hayden,brian.hayden@fake.company,Male,2021-09-13,87,Social Media Manager,Marketing,340
Timothy,Cooper,timothy.cooper@fake.company,Female,2023-12-22,88,Financial Analyst,Finance,425
Christine,Moody,christine.moody@fake.company,Male,2022-07-31,89,Business Development Manager,Sales,192
John,Walker,john.walker@fake.company,Male,2022-04-24,90,Marketing Coordinator,Marketing,285
Stephanie,Sheppard,stephanie.sheppard@fake.company,Female,2020-04-02,91,Sales Executive,Sales,192
Maria,George,maria.george@fake.company,Female,2023-06-17,92,DevOps Engineer,IT,452
Daniel,Mcknight,daniel.mcknight@fake.company,Male,2023-05-21,93,Financial Analyst,Finance,426
David,Hill,david.hill@fake.company,Male,2022-05-31,94,Network Engineer,IT,452
Todd,Lopez,todd.lopez@fake.company,Female,2020-06-28,95,Business Development Manager,Sales,276
Jacqueline,Craig,jacqueline.craig@fake.company,Male,2023-11-27,96,Compensation Analyst,HR,461
Jonathan,Thomas,jonathan.thomas@fake.company,Male,2024-05-31,97,SEO Specialist,Marketing,340
Pamela,Suarez,pamela.suarez@fake.company,Male,2022-03-23,98,Training Coordinator,HR,461
Stephanie,Fisher,stephanie.fisher@fake.company,Male,2021-01-18,99,Finance Assistant,Finance,426
Denise,Armstrong,denise.armstrong@fake.company,Male,2022-08-13,100,System Administrator,IT,452
Eric,Ford,eric.ford@fake.company,Female,2022-06-21,101,Treasury Manager,Finance,425
Elizabeth,Lee,elizabeth.lee@fake.company,Male,2020-06-09,102,Financial Analyst,Finance,426
Terrance,Bennett,terrance.bennett@fake.company,Male,2021-11-10,103,Training Coordinator,HR,461
Thomas,Morgan,thomas.morgan@fake.company,Female,2021-11-18,104,HR Specialist,HR,455
Lawrence,Morgan,lawrence.morgan@fake.company,Male,2024-07-25,105,System Administrator,IT,452
Andrew,Lee,andrew.lee@fake.company,Male,2023-02-08,106,Sales Representative,Sales,276
Micheal,Myers,micheal.myers@fake.company,Female,2022-12-12,107,SEO Specialist,Marketing,340
Kimberly,Blackwell,kimberly.blackwell@fake.company,Male,2020-12-17,108,Treasury Manager,Finance,426
Melanie,Wilson,melanie.wilson@fake.company,Female,2024-08-22,110,Social Media Manager,Marketing,340
Teresa,Pearson,teresa.pearson@fake.company,Male,2021-02-14,111,DevOps Engineer,IT,436
Deborah,Palmer,deborah.palmer@fake.company,Male,2022-05-26,112,Software Engineer,IT,452
Michael,Larson,michael.larson@fake.company,Male,2020-01-01,113,Controller,Finance,426
Erin,Benton,erin.benton@fake.company,Male,2021-04-30,114,Network Engineer,IT,452
Paul,Irwin,paul.irwin@fake.company,Female,2023-04-11,115,Training Coordinator,HR,455
Nicholas,Knapp,nicholas.knapp@fake.company,Female,2021-08-23,116,Compensation Analyst,HR,461
Timothy,Moore,timothy.moore@fake.company,Female,2020-02-20,117,HR Assistant,HR,461
Hunter,Carroll,hunter.carroll@fake.company,Female,2024-03-15,118,HR Assistant,HR,455
Melinda,Harris,melinda.harris@fake.company,Female,2023-11-28,119,System Administrator,IT,452
Cheyenne,Garcia,cheyenne.garcia@fake.company,Male,2023-12-12,120,Sales Associate,Sales,192
Frank,Freeman,frank.freeman@fake.company,Female,2024-04-10,121,Sales Associate,Sales,192
Kenneth,Kelly,kenneth.kelly@fake.company,Male,2023-11-13,122,Sales Associate,Sales,276
Dean,Ware,dean.ware@fake.company,Female,2024-04-16,123,Brand Manager,Marketing,285
Pedro,Guerrero,pedro.guerrero@fake.company,Female,2021-07-17,124,Treasury Manager,Finance,426
David,King,david.king@fake.company,Female,2020-06-28,125,Accountant,Finance,426
Kayla,Huang,kayla.huang@fake.company,Male,2022-02-13,126,Content Strategist,Marketing,340
Sandy,Leonard,sandy.leonard@fake.company,Female,2023-06-23,127,Software Engineer,IT,436
Elizabeth,Jones,elizabeth.jones@fake.company,Female,2020-12-19,128,IT Support Specialist,IT,436
John,Olson,john.olson@fake.company,Female,2023-04-05,129,HR Specialist,HR,461
Jessica,Buckley,jessica.buckley@fake.company,Male,2022-03-04,130,Software Engineer,IT,436
Kelsey,Ray,kelsey.ray@fake.company,Male,2022-08-04,131,Business Development Manager,Sales,192
Tanya,Page,tanya.page@fake.company,Male,2020-02-21,132,Sales Associate,Sales,276
Ariel,Watson,ariel.watson@fake.company,Female,2022-01-20,133,Marketing Coordinator,Marketing,285
Joseph,Parsons,joseph.parsons@fake.company,Male,2023-02-06,134,IT Support Specialist,IT,436
Charles,Terry,charles.terry@fake.company,Female,2020-03-21,135,Content Strategist,Marketing,285
Adrian,Williamson,adrian.williamson@fake.company,Male,2022-05-29,136,Treasury Manager,Finance,425
Christopher,Harrington,christopher.harrington@fake.company,Male,2021-12-11,137,Treasury Manager,Finance,426
Catherine,Torres,catherine.torres@fake.company,Male,2020-08-05,138,Recruiter,HR,455
Megan,Glover,megan.glover@fake.company,Male,2024-02-19,139,Software Engineer,IT,452
Benjamin,Pearson,benjamin.pearson@fake.company,Female,2024-06-04,140,System Administrator,IT,436
Caleb,Sandoval,caleb.sandoval@fake.company,Male,2022-09-18,141,DevOps Engineer,IT,452
Lisa,Walsh,lisa.walsh@fake.company,Female,2020-12-16,142,Sales Associate,Sales,192
Christine,Klein,christine.klein@fake.company,Female,2021-09-02,143,Business Development Manager,Sales,276
Kelsey,Turner,kelsey.turner@fake.company,Male,2020-12-18,144,Brand Manager,Marketing,285
Patricia,Brown,patricia.brown@fake.company,Male,2023-10-27,145,Sales Associate,Sales,192
Sharon,Byrd,sharon.byrd@fake.company,Female,2023-02-03,146,Training Coordinator,HR,461
Felicia,Jones,felicia.jones@fake.company,Male,2021-08-07,147,Brand Manager,Marketing,340
Kenneth,Moore,kenneth.moore@fake.company,Female,2024-04-22,148,Social Media Manager,Marketing,340
Connie,Smith,connie.smith@fake.company,Female,2024-02-05,149,Accountant,Finance,425
Elizabeth,Joyce,elizabeth.joyce@fake.company,Female,2023-01-21,150,Account Manager,Sales,276
Jose,Willis,jose.willis@fake.company,Male,2022-10-22,151,Compensation Analyst,HR,461
Julie,Olson,julie.olson@fake.company,Female,2023-11-09,152,Sales Associate,Sales,276
Danielle,Randolph,danielle.randolph@fake.company,Male,2024-08-30,153,DevOps Engineer,IT,452
Matthew,Martinez,matthew.martinez@fake.company,Female,2024-07-24,154,Sales Executive,Sales,276
Joseph,Joseph,joseph.joseph@fake.company,Male,2021-05-29,155,Brand Manager,Marketing,340
Rachael,Sims,rachael.sims@fake.company,Male,2023-11-02,156,Sales Associate,Sales,276
Jessica,Campbell,jessica.campbell@fake.company,Male,2021-11-30,157,Sales Executive,Sales,192
Adam,Berry,adam.berry@fake.company,Male,2021-09-21,158,Controller,Finance,426
Tanya,Montoya,tanya.montoya@fake.company,Female,2020-12-30,159,Accountant,Finance,425
Matthew,Richard,matthew.richard@fake.company,Female,2021-10-19,160,DevOps Engineer,IT,436
Gina,Barnett,gina.barnett@fake.company,Male,2021-11-15,161,Controller,Finance,425
Sharon,Cook,sharon.cook@fake.company,Male,2020-01-16,162,Content Strategist,Marketing,285
Susan,Reilly,susan.reilly@fake.company,Male,2023-07-30,163,HR Specialist,HR,461
Jesse,Bowman,jesse.bowman@fake.company,Male,2022-07-07,164,Training Coordinator,HR,455
Jesse,Parker,jesse.parker@fake.company,Male,2021-06-24,165,DevOps Engineer,IT,436
Traci,Suarez,traci.suarez@fake.company,Female,2023-09-24,166,SEO Specialist,Marketing,285
David,Lyons,david.lyons@fake.company,Female,2022-01-03,167,HR Assistant,HR,461
Maria,Henderson,maria.henderson@fake.company,Male,2023-10-05,169,Treasury Manager,Finance,426
Samuel,Jackson,samuel.jackson@fake.company,Female,2024-09-16,170,Business Development Manager,Sales,192
Brittany,Gardner,brittany.gardner@fake.company,Male,2020-01-04,171,HR Specialist,HR,461
Kylie,Hernandez,kylie.hernandez@fake.company,Female,2020-02-02,172,System Administrator,IT,452
Linda,Sandoval,linda.sandoval@fake.company,Male,2021-04-14,173,Accountant,Finance,426
Jeremy,Lee,jeremy.lee@fake.company,Male,2021-01-03,174,HR Specialist,HR,461
Tyrone,Williams,tyrone.williams@fake.company,Female,2024-06-07,175,Finance Assistant,Finance,426
Laura,Wright,laura.wright@fake.company,Male,2024-02-14,176,Brand Manager,Marketing,285
James,Garrett,james.garrett@fake.company,Female,2023-10-03,177,DevOps Engineer,IT,436
Anthony,Palmer,anthony.palmer@fake.company,Male,2023-04-18,178,Social Media Manager,Marketing,340
Julia,Moody,julia.moody@fake.company,Male,2022-10-21,179,Training Coordinator,HR,461
Nancy,Miller,nancy.miller@fake.company,Male,2021-07-08,180,Account Manager,Sales,276
Michele,Atkinson,michele.atkinson@fake.company,Female,2021-02-03,181,Sales Representative,Sales,192
Raymond,Hill,raymond.hill@fake.company,Male,2021-07-26,182,Software Engineer,IT,436
Melanie,Lynn,melanie.lynn@fake.company,Male,2022-07-02,183,SEO Specialist,Marketing,340
Michael,Harris,michael.harris@fake.company,Male,2022-01-02,184,Account Manager,Sales,192
Kevin,Wolf,kevin.wolf@fake.company,Female,2020-11-29,185,Software Engineer,IT,436
Christie,Carlson,christie.carlson@fake.company,Male,2024-01-16,186,HR Assistant,HR,455
Emily,Browning,emily.browning@fake.company,Male,2024-06-03,187,Controller,Finance,425
Brian,Moore,brian.moore@fake.company,Male,2023-10-26,188,Content Strategist,Marketing,285
Justin,Bell,justin.bell@fake.company,Female,2020-02-20,189,Content Strategist,Marketing,340
John,Herrera,john.herrera@fake.company,Female,2022-09-09,190,Accountant,Finance,426
Mary,Mcdonald,mary.mcdonald@fake.company,Female,2020-11-25,191,Compensation Analyst,HR,455
Jonathan,Schmitt,jonathan.schmitt@fake.company,Male,2022-11-26,193,Recruiter,HR,455
Dana,George,dana.george@fake.company,Female,2022-06-20,194,Compensation Analyst,HR,455
Michele,Hunt,michele.hunt@fake.company,Female,2022-04-24,195,Treasury Manager,Finance,425
Keith,Gill,keith.gill@fake.company,Male,2022-10-17,196,HR Specialist,HR,455
Paige,Swanson,paige.swanson@fake.company,Male,2024-04-14,197,HR Specialist,HR,455
Susan,Jackson,susan.jackson@fake.company,Female,2024-02-25,198,Sales Associate,Sales,192
Maurice,Garcia,maurice.garcia@fake.company,Male,2021-08-31,199,HR Assistant,HR,455
Dennis,Mcclure,dennis.mcclure@fake.company,Female,2020-07-06,200,Recruiter,HR,455
Cassandra,Maddox,cassandra.maddox@fake.company,Male,2023-07-05,201,Network Engineer,IT,452
Jason,Kelly,jason.kelly@fake.company,Female,2022-09-30,202,Compensation Analyst,HR,461
Jason,Williams,jason.williams@fake.company,Male,2021-11-07,203,Accountant,Finance,426
Kelly,Cooley,kelly.cooley@fake.company,Female,2023-09-05,204,Account Manager,Sales,192
Juan,Rivas,juan.rivas@fake.company,Male,2024-07-09,205,Brand Manager,Marketing,340
William,Johnson,william.johnson@fake.company,Male,2023-11-16,206,SEO Specialist,Marketing,340
Jacob,Martinez,jacob.martinez@fake.company,Female,2023-10-20,207,Content Strategist,Marketing,340
Rhonda,Pham,rhonda.pham@fake.company,Female,2023-02-16,208,Marketing Coordinator,Marketing,340
Timothy,Bradley,timothy.bradley@fake.company,Male,2021-07-12,209,Treasury Manager,Finance,425
John,Woods,john.woods@fake.company,Male,2021-09-11,210,Account Manager,Sales,192
Lindsey,Crawford,lindsey.crawford@fake.company,Male,2023-12-30,211,Sales Executive,Sales,276
Jill,Frye,jill.frye@fake.company,Male,2020-08-12,212,Sales Executive,Sales,276
Kathleen,Wilson,kathleen.wilson@fake.company,Female,2024-03-13,213,Controller,Finance,425
Samuel,Dunn,samuel.dunn@fake.company,Female,2024-06-10,214,Accountant,Finance,425
Amanda,Mccormick,amanda.mccormick@fake.company,Female,2024-10-06,215,DevOps Engineer,IT,436
Kimberly,Gibson,kimberly.gibson@fake.company,Male,2021-08-17,216,DevOps Engineer,IT,452
Scott,Lawson,scott.lawson@fake.company,Female,2021-07-28,217,Treasury Manager,Finance,425
Lisa,Mason,lisa.mason@fake.company,Male,2022-08-08,218,DevOps Engineer,IT,452
Randy,Cantu,randy.cantu@fake.company,Male,2024-06-12,219,IT Support Specialist,IT,436
Linda,Spencer,linda.spencer@fake.company,Male,2023-03-19,220,System Administrator,IT,452
Kevin,Smith,kevin.smith@fake.company,Female,2022-01-29,221,Compensation Analyst,HR,461
Curtis,Brown,curtis.brown@fake.company,Male,2021-07-04,222,Finance Assistant,Finance,426
Taylor,Greer,taylor.greer@fake.company,Female,2023-08-05,223,Network Engineer,IT,452
Jessica,Cook,jessica.cook@fake.company,Female,2021-04-19,224,Finance Assistant,Finance,426
Amanda,Weiss,amanda.weiss@fake.company,Male,2021-06-22,225,System Administrator,IT,452
William,Perkins,william.perkins@fake.company,Female,2024-02-17,226,Finance Assistant,Finance,425
Jennifer,Weber,jennifer.weber@fake.company,Male,2023-07-12,227,HR Specialist,HR,455
Bryan,Esparza,bryan.esparza@fake.company,Male,2021-07-23,228,Marketing Coordinator,Marketing,340
Michael,Greene,michael.greene@fake.company,Male,2022-10-29,229,Marketing Coordinator,Marketing,340
Gary,Norton,gary.norton@fake.company,Male,2022-12-05,230,Network Engineer,IT,452
Cynthia,Moses,cynthia.moses@fake.company,Male,2023-10-22,231,Training Coordinator,HR,461
Jeffrey,Daniels,jeffrey.daniels@fake.company,Male,2023-01-20,232,DevOps Engineer,IT,452
Hannah,Yates,hannah.yates@fake.company,Female,2021-09-19,233,Business Development Manager,Sales,276
Christian,Chan,christian.chan@fake.company,Male,2021-03-06,234,Training Coordinator,HR,455
Regina,Neal,regina.neal@fake.company,Male,2022-03-11,235,Compensation Analyst,HR,461
Melissa,Moore,melissa.moore@fake.company,Male,2023-10-30,236,HR Specialist,HR,455
Stacy,Benjamin,stacy.benjamin@fake.company,Female,2022-08-23,237,Recruiter,HR,461
Samantha,Snyder,samantha.snyder@fake.company,Male,2023-05-20,238,HR Assistant,HR,455
Daniel,Shea,daniel.shea@fake.company,Male,2024-01-23,239,Marketing Coordinator,Marketing,340
Jonathan,Hernandez,jonathan.hernandez@fake.company,Female,2023-04-02,240,Marketing Coordinator,Marketing,285
Eric,Barrett,eric.barrett@fake.company,Female,2023-03-31,241,Accountant,Finance,426
Adam,Harris,adam.harris@fake.company,Male,2021-01-28,242,Brand Manager,Marketing,340
Jennifer,Miller,jennifer.miller@fake.company,Male,2020-04-18,243,Treasury Manager,Finance,425
Chad,Thompson,chad.thompson@fake.company,Male,2022-12-14,244,Financial Analyst,Finance,425
Randall,Hernandez,randall.hernandez@fake.company,Female,2022-04-11,245,HR Assistant,HR,461
Stephanie,Williams,stephanie.williams@fake.company,Male,2023-08-26,246,Accountant,Finance,425
Christina,Hansen,christina.hansen@fake.company,Female,2022-04-07,247,SEO Specialist,Marketing,285
Patricia,Rodriguez,patricia.rodriguez@fake.company,Male,2024-01-18,248,SEO Specialist,Marketing,340
Melinda,Benjamin,melinda.benjamin@fake.company,Male,2023-02-23,249,Content Strategist,Marketing,340
Joshua,Massey,joshua.massey@fake.company,Male,2023-01-07,250,Compensation Analyst,HR,461
Jessica,Gaines,jessica.gaines@fake.company,Male,2023-09-01,251,Training Coordinator,HR,461
Brian,Clark,brian.clark@fake.company,Male,2020-01-04,252,Sales Executive,Sales,192
Pam,Cantrell,pam.cantrell@fake.company,Male,2023-09-28,253,Account Manager,Sales,192
Krista,Prince,krista.prince@fake.company,Male,2021-07-17,254,Brand Manager,Marketing,285
Andre,Gray,andre.gray@fake.company,Female,2022-04-16,255,Software Engineer,IT,436
Kristin,Dean,kristin.dean@fake.company,Female,2020-09-15,256,HR Assistant,HR,461
Tyler,Lara,tyler.lara@fake.company,Female,2021-10-03,257,IT Support Specialist,IT,452
Amy,Nguyen,amy.nguyen@fake.company,Male,2023-07-26,258,System Administrator,IT,452
Bradley,Kennedy,bradley.kennedy@fake.company,Male,2021-05-19,259,Accountant,Finance,425
Isabel,Reese,isabel.reese@fake.company,Female,2022-01-09,260,Social Media Manager,Marketing,285
Travis,Stanley,travis.stanley@fake.company,Male,2023-04-07,261,Compensation Analyst,HR,455
Donna,Petty,donna.petty@fake.company,Male,2023-08-06,262,Sales Executive,Sales,192
Elizabeth,Jacobs,elizabeth.jacobs@fake.company,Male,2022-10-22,263,Training Coordinator,HR,455
Amanda,Morton,amanda.morton@fake.company,Female,2020-11-15,264,Software Engineer,IT,452
Brent,Phillips,brent.phillips@fake.company,Male,2020-09-16,265,Financial Analyst,Finance,426
Natalie,Kennedy,natalie.kennedy@fake.company,Male,2021-08-02,266,System Administrator,IT,436
Taylor,Johnson,taylor.johnson@fake.company,Male,2024-04-23,267,SEO Specialist,Marketing,285
Christopher,Lewis,christopher.lewis@fake.company,Female,2021-12-11,268,Sales Associate,Sales,192
Cynthia,Stewart,cynthia.stewart@fake.company,Female,2021-12-28,269,Brand Manager,Marketing,285
Michael,Hughes,michael.hughes@fake.company,Male,2022-10-05,270,SEO Specialist,Marketing,340
Whitney,Baker,whitney.baker@fake.company,Female,2020-10-13,271,Financial Analyst,Finance,425
Heather,Anderson,heather.anderson@fake.company,Male,2024-08-01,272,DevOps Engineer,IT,452
Kathryn,Hernandez,kathryn.hernandez@fake.company,Female,2022-03-08,273,System Administrator,IT,436
Heather,Hubbard,heather.hubbard@fake.company,Male,2023-07-01,274,Compensation Analyst,HR,461
Lori,Campbell,lori.campbell@fake.company,Female,2023-08-10,275,Account Manager,Sales,276
Amanda,Smith,amanda.smith@fake.company,Male,2022-07-25,277,SEO Specialist,Marketing,340
Bruce,Cooper,bruce.cooper@fake.company,Female,2020-06-11,278,Sales Executive,Sales,192
Erik,Grimes,erik.grimes@fake.company,Female,2023-02-28,279,Controller,Finance,426
Sharon,Mckinney,sharon.mckinney@fake.company,Female,2023-06-28,280,DevOps Engineer,IT,436
Robert,Howard,robert.howard@fake.company,Male,2020-04-07,281,Software Engineer,IT,452
Tonya,Garcia,tonya.garcia@fake.company,Female,2021-04-30,282,Account Manager,Sales,276
William,Velazquez,william.velazquez@fake.company,Female,2021-04-19,283,Controller,Finance,426
Courtney,Williams,courtney.williams@fake.company,Male,2021-12-15,284,HR Assistant,HR,455
Eric,Hendrix,eric.hendrix@fake.company,Female,2023-06-03,286,Marketing Coordinator,Marketing,285
Jill,Johnston,jill.johnston@fake.company,Male,2022-04-19,287,Financial Analyst,Finance,425
David,Taylor,david.taylor@fake.company,Female,2022-02-15,288,Financial Analyst,Finance,426
Tammy,Taylor,tammy.taylor@fake.company,Male,2022-01-31,289,Sales Representative,Sales,192
Kevin,Banks,kevin.banks@fake.company,Female,2022-07-01,290,Business Development Manager,Sales,276
Tina,Ramirez,tina.ramirez@fake.company,Female,2024-06-03,291,Network Engineer,IT,452
Kristin,Robbins,kristin.robbins@fake.company,Female,2021-05-04,292,Compensation Analyst,HR,461
Caleb,Nelson,caleb.nelson@fake.company,Female,2024-10-14,293,Business Development Manager,Sales,192
Alicia,Mendez,alicia.mendez@fake.company,Female,2023-05-09,294,Financial Analyst,Finance,426
Jennifer,Garcia,jennifer.garcia@fake.company,Male,2021-08-17,295,Software Engineer,IT,452
Lauren,Horn,lauren.horn@fake.company,Female,2023-09-18,296,HR Specialist,HR,461
Stephen,Shah,stephen.shah@fake.company,Female,2022-06-22,297,SEO Specialist,Marketing,340
Alyssa,Flores,alyssa.flores@fake.company,Male,2024-07-08,298,SEO Specialist,Marketing,285
Sarah,Williams,sarah.williams@fake.company,Male,2022-12-13,299,Financial Analyst,Finance,425
Elizabeth,Wade,elizabeth.wade@fake.company,Male,2020-07-26,300,HR Specialist,HR,455
Brian,Robinson,brian.robinson@fake.company,Female,2020-10-24,301,Sales Associate,Sales,192
Lisa,Gilmore,lisa.gilmore@fake.company,Female,2023-08-15,302,Sales Associate,Sales,276
Kathryn,Frazier,kathryn.frazier@fake.company,Male,2020-11-09,303,Sales Associate,Sales,192
Jeffery,Bush,jeffery.bush@fake.company,Female,2023-05-18,304,Software Engineer,IT,452
Tracy,Green,tracy.green@fake.company,Female,2020-10-29,305,Compensation Analyst,HR,461
Nicole,Mills,nicole.mills@fake.company,Male,2022-02-02,306,Account Manager,Sales,192
Katrina,Ross,katrina.ross@fake.company,Female,2024-05-13,307,Controller,Finance,426
Keith,Atkinson,keith.atkinson@fake.company,Female,2023-01-16,308,HR Specialist,HR,455
Anthony,Martin,anthony.martin@fake.company,Female,2024-06-05,309,Social Media Manager,Marketing,340
Tammy,West,tammy.west@fake.company,Male,2023-12-02,310,HR Assistant,HR,455
Vincent,Price,vincent.price@fake.company,Female,2020-09-08,311,Sales Associate,Sales,276
Crystal,Mayer,crystal.mayer@fake.company,Female,2023-04-08,312,Sales Representative,Sales,276
Todd,Riley,todd.riley@fake.company,Female,2021-11-01,313,Treasury Manager,Finance,425
Samantha,Rivera,samantha.rivera@fake.company,Female,2020-08-02,314,Brand Manager,Marketing,340
William,Valdez,william.valdez@fake.company,Female,2023-02-06,315,IT Support Specialist,IT,452
Shawn,Freeman,shawn.freeman@fake.company,Female,2020-11-22,316,Training Coordinator,HR,455
Debra,Dean,debra.dean@fake.company,Female,2020-06-29,317,Business Development Manager,Sales,192
Michael,Hall,michael.hall@fake.company,Male,2021-04-23,318,System Administrator,IT,436
Cheyenne,Houston,cheyenne.houston@fake.company,Female,2024-04-05,319,Sales Representative,Sales,276
Brent,Delgado,brent.delgado@fake.company,Female,2020-04-27,320,Compensation Analyst,HR,455
Charles,Villarreal,charles.villarreal@fake.company,Female,2022-02-25,321,Treasury Manager,Finance,425
Jennifer,Gallagher,jennifer.gallagher@fake.company,Male,2023-12-06,322,Brand Manager,Marketing,285
Lindsey,Lambert,lindsey.lambert@fake.company,Female,2020-07-23,323,Compensation Analyst,HR,455
Debra,Coffey,debra.coffey@fake.company,Male,2023-06-20,324,Account Manager,Sales,192
Jonathan,Oconnor,jonathan.oconnor@fake.company,Female,2022-11-13,325,Sales Representative,Sales,192
Jay,Williamson,jay.williamson@fake.company,Male,2022-05-19,326,Training Coordinator,HR,455
Charles,Ellis,charles.ellis@fake.company,Female,2022-07-30,327,Financial Analyst,Finance,425
Stephanie,Marshall,stephanie.marshall@fake.company,Female,2022-03-12,328,Controller,Finance,426
Andrew,Simpson,andrew.simpson@fake.company,Female,2022-09-20,329,Compensation Analyst,HR,455
Jennifer,Cox,jennifer.cox@fake.company,Male,2022-12-08,330,Controller,Finance,425
Todd,Williamson,todd.williamson@fake.company,Female,2022-04-05,331,HR Assistant,HR,461
Victoria,Powell,victoria.powell@fake.company,Male,2023-06-21,332,Marketing Coordinator,Marketing,285
Paul,Black,paul.black@fake.company,Female,2021-09-03,333,IT Support Specialist,IT,436
Danielle,Palmer,danielle.palmer@fake.company,Male,2022-09-21,334,Content Strategist,Marketing,340
David,Taylor,david.taylor@fake.company,Male,2021-12-07,335,Financial Analyst,Finance,425
Joseph,Hall,joseph.hall@fake.company,Male,2021-06-19,336,Training Coordinator,HR,455
Melanie,Hansen,melanie.hansen@fake.company,Female,2021-07-18,337,Sales Representative,Sales,192
Devon,Hughes,devon.hughes@fake.company,Male,2022-06-12,338,Account Manager,Sales,192
Stephanie,Marshall,stephanie.marshall@fake.company,Male,2020-04-25,339,HR Specialist,HR,461
Joseph,Rodriguez,joseph.rodriguez@fake.company,Male,2022-11-08,341,Software Engineer,IT,452
Sarah,King,sarah.king@fake.company,Female,2020-02-21,342,Sales Representative,Sales,276
Alexander,Hernandez,alexander.hernandez@fake.company,Female,2022-12-26,343,Network Engineer,IT,436
Michelle,Cox,michelle.cox@fake.company,Female,2023-02-28,344,HR Specialist,HR,461
Krista,Adams,krista.adams@fake.company,Male,2021-11-25,345,Recruiter,HR,455
Jacob,Andrews,jacob.andrews@fake.company,Female,2020-10-11,346,Business Development Manager,Sales,276
Aaron,Brown,aaron.brown@fake.company,Female,2020-12-30,347,Marketing Coordinator,Marketing,285
Timothy,Lee,timothy.lee@fake.company,Male,2022-05-26,348,Finance Assistant,Finance,425
Scott,Harrison,scott.harrison@fake.company,Male,2022-08-16,349,Brand Manager,Marketing,285
Jason,Daniel,jason.daniel@fake.company,Male,2023-05-09,350,IT Support Specialist,IT,436
Selena,Wallace,selena.wallace@fake.company,Male,2024-06-12,351,Accountant,Finance,426
James,Collins,james.collins@fake.company,Female,2022-03-08,352,Account Manager,Sales,276
Justin,Carr,justin.carr@fake.company,Female,2022-11-19,353,Content Strategist,Marketing,340
David,Mcgee,david.mcgee@fake.company,Male,2021-08-23,354,HR Assistant,HR,461
Jamie,Johnson,jamie.johnson@fake.company,Female,2024-02-02,355,Financial Analyst,Finance,426
Benjamin,Montoya,benjamin.montoya@fake.company,Female,2020-10-03,356,Business Development Manager,Sales,192
Dawn,Griffith,dawn.griffith@fake.company,Female,2022-07-30,357,DevOps Engineer,IT,436
Gabriel,Lewis,gabriel.lewis@fake.company,Male,2024-08-03,358,Marketing Coordinator,Marketing,340
Andrew,Baker,andrew.baker@fake.company,Female,2022-11-03,359,Marketing Coordinator,Marketing,285
Keith,Miller,keith.miller@fake.company,Male,2020-07-03,360,DevOps Engineer,IT,452
Matthew,Clements,matthew.clements@fake.company,Male,2024-06-10,361,Training Coordinator,HR,461
Katie,Nelson,katie.nelson@fake.company,Male,2022-01-17,362,Treasury Manager,Finance,426
Emily,Escobar,emily.escobar@fake.company,Female,2023-03-17,363,DevOps Engineer,IT,452
Dawn,Garcia,dawn.garcia@fake.company,Male,2020-04-13,364,Financial Analyst,Finance,425
Erica,Miranda,erica.miranda@fake.company,Female,2024-01-16,365,Sales Representative,Sales,276
Timothy,Fox,timothy.fox@fake.company,Male,2022-05-16,366,Treasury Manager,Finance,426
James,Baldwin,james.baldwin@fake.company,Male,2020-10-22,367,Marketing Coordinator,Marketing,285
Derrick,Kim,derrick.kim@fake.company,Female,2024-02-10,368,Network Engineer,IT,436
Kathleen,Garrett,kathleen.garrett@fake.company,Male,2023-07-25,369,Software Engineer,IT,436
Judith,Russell,judith.russell@fake.company,Female,2023-06-07,370,HR Assistant,HR,461
Michael,Simpson,michael.simpson@fake.company,Female,2024-06-09,371,Training Coordinator,HR,461
Dawn,Chaney,dawn.chaney@fake.company,Female,2021-04-20,372,Business Development Manager,Sales,192
Derrick,Howard,derrick.howard@fake.company,Female,2024-03-06,373,Finance Assistant,Finance,426
Jasmine,Scott,jasmine.scott@fake.company,Female,2020-01-28,374,Brand Manager,Marketing,285
Amy,Cobb,amy.cobb@fake.company,Female,2024-07-03,375,Training Coordinator,HR,461
Rita,Rosario,rita.rosario@fake.company,Female,2022-06-17,376,Sales Associate,Sales,276
Marie,Stein,marie.stein@fake.company,Female,2023-08-13,377,Network Engineer,IT,436
Matthew,Carroll,matthew.carroll@fake.company,Female,2023-04-02,378,Software Engineer,IT,436
George,Arnold,george.arnold@fake.company,Female,2023-08-28,379,DevOps Engineer,IT,452
Antonio,Perry,antonio.perry@fake.company,Male,2022-11-18,380,IT Support Specialist,IT,452
Theresa,White,theresa.white@fake.company,Female,2022-10-30,381,Recruiter,HR,461
Brett,Mitchell,brett.mitchell@fake.company,Male,2023-06-02,382,Sales Representative,Sales,192
Melissa,Parrish,melissa.parrish@fake.company,Male,2021-01-19,383,IT Support Specialist,IT,452
Meghan,Stanton,meghan.stanton@fake.company,Male,2024-06-14,384,Controller,Finance,425
Monica,Weiss,monica.weiss@fake.company,Male,2022-01-28,385,Marketing Coordinator,Marketing,340
Victoria,Allen,victoria.allen@fake.company,Male,2023-06-13,386,Sales Associate,Sales,276
Debra,Cooper,debra.cooper@fake.company,Male,2024-07-13,387,HR Specialist,HR,461
Christopher,Henry,christopher.henry@fake.company,Female,2020-08-29,388,Financial Analyst,Finance,426
Derek,Bailey,derek.bailey@fake.company,Male,2022-01-13,389,SEO Specialist,Marketing,340
Christopher,Shepherd,christopher.shepherd@fake.company,Female,2020-06-28,390,Sales Executive,Sales,192
Kenneth,Barajas,kenneth.barajas@fake.company,Male,2021-03-08,391,Compensation Analyst,HR,455
Jessica,Miller,jessica.miller@fake.company,Male,2023-10-10,392,Finance Assistant,Finance,425
Laura,Snyder,laura.snyder@fake.company,Female,2020-04-12,393,Sales Associate,Sales,192
Sara,Galloway,sara.galloway@fake.company,Female,2023-06-25,394,Brand Manager,Marketing,340
Brenda,Charles,brenda.charles@fake.company,Male,2022-06-16,395,Sales Executive,Sales,192
Trevor,Andrews,trevor.andrews@fake.company,Female,2022-08-07,396,Sales Associate,Sales,192
Thomas,Martinez,thomas.martinez@fake.company,Female,2021-06-30,397,Financial Analyst,Finance,425
Jessica,Hubbard,jessica.hubbard@fake.company,Female,2021-11-11,398,Marketing Coordinator,Marketing,285
Colleen,Nash,colleen.nash@fake.company,Female,2021-08-23,399,Recruiter,HR,461
Ryan,Ho,ryan.ho@fake.company,Female,2022-03-11,400,DevOps Engineer,IT,452
Steven,Mccarty,steven.mccarty@fake.company,Female,2021-05-09,401,System Administrator,IT,452
Sarah,Lucas,sarah.lucas@fake.company,Female,2022-12-31,402,DevOps Engineer,IT,436
Elizabeth,Arellano,elizabeth.arellano@fake.company,Female,2023-08-20,403,Business Development Manager,Sales,276
Stuart,Mcpherson,stuart.mcpherson@fake.company,Female,2023-08-15,404,IT Support Specialist,IT,452
Jaclyn,White,jaclyn.white@fake.company,Male,2022-11-13,405,System Administrator,IT,436
Misty,Osborn,misty.osborn@fake.company,Male,2022-07-20,406,HR Assistant,HR,455
Stephanie,Hughes,stephanie.hughes@fake.company,Female,2020-04-08,407,Marketing Coordinator,Marketing,285
Holly,Boyd,holly.boyd@fake.company,Male,2020-05-19,408,Network Engineer,IT,436
John,Johnson,john.johnson@fake.company,Female,2024-08-03,409,Content Strategist,Marketing,340
Monica,Terry,monica.terry@fake.company,Female,2022-09-08,410,Social Media Manager,Marketing,340
Christine,Martin,christine.martin@fake.company,Male,2021-06-10,411,Training Coordinator,HR,455
Andrew,Sanchez,andrew.sanchez@fake.company,Female,2022-04-13,412,Recruiter,HR,455
Daniel,Mack,daniel.mack@fake.company,Female,2021-01-29,413,Brand Manager,Marketing,285
Audrey,Gutierrez,audrey.gutierrez@fake.company,Female,2021-11-26,414,Sales Representative,Sales,276
Ashley,Thomas,ashley.thomas@fake.company,Male,2023-05-03,415,Training Coordinator,HR,461
Alyssa,Pierce,alyssa.pierce@fake.company,Female,2022-05-11,416,Accountant,Finance,426
Rodney,Day,rodney.day@fake.company,Female,2022-09-17,417,Sales Representative,Sales,192
Amanda,Oliver,amanda.oliver@fake.company,Male,2024-03-13,418,Financial Analyst,Finance,425
Joseph,Lopez,joseph.lopez@fake.company,Female,2024-10-09,419,Account Manager,Sales,192
Kari,Davis,kari.davis@fake.company,Male,2021-12-29,420,DevOps Engineer,IT,436
Andrew,Wallace,andrew.wallace@fake.company,Male,2023-04-26,421,Recruiter,HR,461
Adriana,Thomas,adriana.thomas@fake.company,Male,2023-10-15,422,Sales Associate,Sales,192
Lindsay,Stevens,lindsay.stevens@fake.company,Female,2022-11-19,423,Sales Representative,Sales,276
Donna,Hampton,donna.hampton@fake.company,Male,2022-05-28,424,Sales Representative,Sales,276
Tonya,Rogers,tonya.rogers@fake.company,Female,2022-03-31,427,Financial Analyst,Finance,426
Laura,Benitez,laura.benitez@fake.company,Female,2024-10-07,428,Sales Representative,Sales,276
David,King,david.king@fake.company,Female,2024-02-25,429,Sales Representative,Sales,192
Denise,Martinez,denise.martinez@fake.company,Female,2020-10-08,430,Business Development Manager,Sales,192
Rachel,Chavez,rachel.chavez@fake.company,Male,2022-03-22,431,Recruiter,HR,455
Theodore,Williams,theodore.williams@fake.company,Female,2022-11-24,432,Recruiter,HR,455
Mary,Fowler,mary.fowler@fake.company,Female,2020-10-06,433,Business Development Manager,Sales,276
Mario,Houston,mario.houston@fake.company,Male,2020-10-11,434,Business Development Manager,Sales,276
Melissa,White,melissa.white@fake.company,Male,2023-02-02,435,Treasury Manager,Finance,426
Sherry,Browning,sherry.browning@fake.company,Male,2022-08-29,437,Sales Executive,Sales,192
Keith,Frank,keith.frank@fake.company,Male,2024-07-14,438,System Administrator,IT,436
Devin,Brown,devin.brown@fake.company,Male,2022-04-23,439,Controller,Finance,426
Susan,Jones,susan.jones@fake.company,Female,2021-10-27,440,Compensation Analyst,HR,455
David,Stanton,david.stanton@fake.company,Female,2023-09-06,441,Sales Associate,Sales,192
Jeffrey,Jefferson,jeffrey.jefferson@fake.company,Female,2022-02-04,442,Recruiter,HR,455
Tim,Dickerson,tim.dickerson@fake.company,Female,2023-11-17,443,HR Specialist,HR,455
Shannon,Powell,shannon.powell@fake.company,Female,2023-09-15,444,Financial Analyst,Finance,426
Mark,Solis,mark.solis@fake.company,Female,2020-12-21,445,Compensation Analyst,HR,461
James,Perez,james.perez@fake.company,Female,2023-02-07,446,Finance Assistant,Finance,425
Lisa,Robinson,lisa.robinson@fake.company,Male,2023-05-16,447,Sales Representative,Sales,276
Aaron,Newton,aaron.newton@fake.company,Female,2024-04-02,448,Business Development Manager,Sales,276
Miranda,Noble,miranda.noble@fake.company,Female,2023-12-17,449,Network Engineer,IT,452
Thomas,Bishop,thomas.bishop@fake.company,Male,2020-06-28,450,Brand Manager,Marketing,285
Ryan,Choi,ryan.choi@fake.company,Female,2021-06-26,451,Account Manager,Sales,192
Angela,Harris,angela.harris@fake.company,Male,2023-07-03,453,Treasury Manager,Finance,425
Ana,Freeman,ana.freeman@fake.company,Male,2021-04-16,454,Network Engineer,IT,452
Margaret,Gallegos,margaret.gallegos@fake.company,Female,2020-12-17,456,Account Manager,Sales,192
Ryan,Smith,ryan.smith@fake.company,Female,2022-05-25,457,Compensation Analyst,HR,461
Maria,Little,maria.little@fake.company,Female,2021-01-13,458,Account Manager,Sales,192
Richard,Martin,richard.martin@fake.company,Male,2023-05-20,459,IT Support Specialist,IT,452
David,Mendez,david.mendez@fake.company,Female,2023-07-09,460,Treasury Manager,Finance,426
Michael,Ruiz,michael.ruiz@fake.company,Male,2021-11-04,462,Brand Manager,Marketing,340
Paul,Stevens,paul.stevens@fake.company,Female,2020-08-13,463,Sales Associate,Sales,276
Lance,Rodriguez,lance.rodriguez@fake.company,Male,2021-04-07,464,Sales Representative,Sales,192
Manuel,Buchanan,manuel.buchanan@fake.company,Female,2022-11-26,465,Recruiter,HR,461
Mary,Little,mary.little@fake.company,Male,2023-08-06,466,Sales Associate,Sales,192
Jason,Holt,jason.holt@fake.company,Female,2020-04-14,467,Content Strategist,Marketing,285
Travis,Hammond,travis.hammond@fake.company,Male,2021-03-27,468,Training Coordinator,HR,461
Donna,Adams,donna.adams@fake.company,Female,2023-07-16,469,Sales Associate,Sales,192
Michelle,Davis,michelle.davis@fake.company,Female,2022-09-06,470,Finance Assistant,Finance,425
Raymond,Lozano,raymond.lozano@fake.company,Male,2022-10-20,471,Controller,Finance,426
Kelsey,Thompson,kelsey.thompson@fake.company,Male,2022-06-05,472,Sales Associate,Sales,276
Steven,Glass,steven.glass@fake.company,Female,2023-03-02,473,Recruiter,HR,461
Kim,Woods,kim.woods@fake.company,Female,2021-08-06,474,System Administrator,IT,452
Gregory,Pratt,gregory.pratt@fake.company,Male,2023-02-09,475,Sales Representative,Sales,276
Benjamin,Baker,benjamin.baker@fake.company,Female,2021-06-13,476,Social Media Manager,Marketing,340
Michael,Ward,michael.ward@fake.company,Female,2021-04-05,477,System Administrator,IT,452
Billy,Davis,billy.davis@fake.company,Male,2020-02-29,478,Finance Assistant,Finance,425
Karen,Haynes,karen.haynes@fake.company,Male,2024-02-03,479,Account Manager,Sales,276
Jay,Nash,jay.nash@fake.company,Male,2021-11-07,480,Treasury Manager,Finance,425
Randall,Woods,randall.woods@fake.company,Female,2022-05-27,481,Account Manager,Sales,276
Brandon,Armstrong,brandon.armstrong@fake.company,Male,2020-05-21,482,Brand Manager,Marketing,340
Joe,Rodriguez,joe.rodriguez@fake.company,Female,2024-04-05,483,IT Support Specialist,IT,452
Valerie,Ramirez,valerie.ramirez@fake.company,Male,2022-04-29,484,Treasury Manager,Finance,425
Jeffrey,Gibson,jeffrey.gibson@fake.company,Male,2020-06-30,485,SEO Specialist,Marketing,340
Betty,Riley,betty.riley@fake.company,Female,2021-06-07,486,Sales Representative,Sales,192
Michael,Soto,michael.soto@fake.company,Male,2021-02-28,487,Recruiter,HR,461
Michael,Wiggins,michael.wiggins@fake.company,Female,2022-02-27,488,Controller,Finance,425
Alan,Rodriguez,alan.rodriguez@fake.company,Female,2021-04-21,489,Network Engineer,IT,436
Courtney,Robinson,courtney.robinson@fake.company,Female,2020-08-18,490,Sales Associate,Sales,192
Jonathan,Willis,jonathan.willis@fake.company,Female,2023-11-28,491,Controller,Finance,426
Lori,Olson,lori.olson@fake.company,Male,2022-08-16,492,Accountant,Finance,426
Angela,Williams,angela.williams@fake.company,Male,2022-05-31,493,Brand Manager,Marketing,340
Alan,Nguyen,alan.nguyen@fake.company,Male,2023-12-14,494,Controller,Finance,426
Samuel,Hernandez,samuel.hernandez@fake.company,Male,2024-08-29,495,DevOps Engineer,IT,452
Daniel,Griffith,daniel.griffith@fake.company,Male,2023-04-15,496,Compensation Analyst,HR,455
David,Glover,david.glover@fake.company,Female,2023-07-29,497,Software Engineer,IT,452
Christopher,Kim,christopher.kim@fake.company,Male,2022-08-19,498,Sales Associate,Sales,276
Candice,Allen,candice.allen@fake.company,Female,2022-12-16,499,Controller,Finance,425
David,Owens,david.owens@fake.company,Male,2024-08-17,500,IT Support Specialist,IT,452
